"assignment_id,equipment_id,personnel_id,assignment_date,proficiency_level,primary_operator,training_completed,last_training_date,access_level,performance_rating"
"ASSIGN_000001,EQ_0001,PER_0014,2023-01-11,Intermediate,True,Yes,2023-06-26,Full,4"
"ASSIGN_000002,EQ_0002,PER_0015,2023-09-15,Intermediate,True,Yes,2024-01-26,Full,4"
"ASSIGN_000003,EQ_0002,PER_0014,2023-04-13,Intermediate,False,In Progress,2023-05-27,Limited,4"
"ASSIGN_000004,EQ_0003,PER_0005,2023-11-25,Intermediate,True,Yes,2024-05-14,Limited,5"
"ASSIGN_000005,EQ_0003,PER_0007,2023-03-15,Expert,False,No,2023-08-15,Full,5"
"ASSIGN_000006,EQ_0003,PER_0006,2023-04-26,Intermediate,True,Yes,2023-07-20,Full,3"
"ASSIGN_000007,EQ_0004,PER_0006,2023-05-17,Intermediate,False,No,2023-10-31,Full,4"
"ASSIGN_000008,EQ_0004,PER_0007,2023-06-14,Expert,False,Yes,2023-11-20,Full,4"
"ASSIGN_000009,EQ_0005,PER_0015,2023-03-02,Intermediate,False,Yes,2023-04-22,Full,5"
"ASSIGN_000010,EQ_0005,PER_0014,2023-07-01,Intermediate,False,Yes,2023-12-27,Full,4"
"ASSIGN_000011,EQ_0006,PER_0006,2023-11-12,Intermediate,True,Yes,2024-03-17,Full,4"
"ASSIGN_000012,EQ_0006,PER_0007,2023-09-02,Expert,True,Yes,2024-02-08,Limited,5"
"ASSIGN_000013,EQ_0007,PER_0004,2023-06-08,Expert,True,In Progress,2023-08-09,Limited,3"
"ASSIGN_000014,EQ_0007,PER_0001,2023-05-18,Intermediate,True,Yes,2023-10-05,Full,5"
"ASSIGN_000015,EQ_0008,PER_0007,2023-10-28,Expert,False,Yes,2024-01-18,Limited,4"
"ASSIGN_000016,EQ_0009,PER_0006,2023-03-02,Intermediate,False,Yes,2023-04-29,Full,3"
"ASSIGN_000017,EQ_0009,PER_0007,2023-04-06,Expert,False,No,2023-09-29,Limited,5"
"ASSIGN_000018,EQ_0010,PER_0005,2023-10-20,Intermediate,True,Yes,2023-12-15,Full,5"
"ASSIGN_000019,EQ_0010,PER_0006,2023-01-15,Intermediate,False,In Progress,2023-03-28,Full,4"
"ASSIGN_000020,EQ_0010,PER_0007,2023-07-19,Expert,False,No,2024-01-12,Limited,4"
"ASSIGN_000021,EQ_0011,PER_0006,2023-09-24,Intermediate,False,In Progress,2024-01-04,View Only,4"
"ASSIGN_000022,EQ_0012,PER_0013,2023-08-25,Intermediate,True,Yes,2024-02-07,Full,4"
"ASSIGN_000023,EQ_0012,PER_0012,2023-06-28,Expert,True,Yes,2023-08-24,View Only,4"
"ASSIGN_000024,EQ_0013,PER_0005,2023-09-26,Intermediate,False,Yes,2024-02-28,Full,3"
"ASSIGN_000025,EQ_0014,PER_0013,2023-05-09,Intermediate,True,No,2023-09-20,Full,5"
"ASSIGN_000026,EQ_0015,PER_0012,2023-08-01,Expert,True,Yes,2023-09-24,View Only,3"
"ASSIGN_000027,EQ_0015,PER_0013,2023-11-27,Intermediate,True,Yes,2024-01-13,Full,4"
"ASSIGN_000028,EQ_0016,PER_0013,2023-04-20,Intermediate,False,Yes,2023-05-20,Full,4"
"ASSIGN_000029,EQ_0017,PER_0002,2023-06-05,Advanced,False,Yes,2023-07-13,Limited,3"
"ASSIGN_000030,EQ_0018,PER_0002,2023-01-23,Advanced,False,No,2023-03-24,Full,4"
"ASSIGN_000031,EQ_0018,PER_0001,2023-07-30,Intermediate,True,In Progress,2023-12-10,Full,5"
"ASSIGN_000032,EQ_0018,PER_0004,2023-07-26,Expert,False,Yes,2023-10-02,Full,5"
"ASSIGN_000033,EQ_0019,PER_0004,2023-05-22,Expert,False,Yes,2023-08-26,Full,4"
"ASSIGN_000034,EQ_0019,PER_0003,2023-03-04,Intermediate,True,Yes,2023-07-19,Full,3"
"ASSIGN_000035,EQ_0019,PER_0002,2023-05-30,Advanced,False,Yes,2023-09-08,Limited,4"
"ASSIGN_000036,EQ_0020,PER_0006,2023-09-06,Intermediate,True,In Progress,2024-02-28,Limited,3"
"ASSIGN_000037,EQ_0020,PER_0005,2023-06-03,Intermediate,False,Yes,2023-09-29,Limited,4"
"ASSIGN_000038,EQ_0021,PER_0007,2023-03-06,Expert,True,Yes,2023-08-05,View Only,5"
"ASSIGN_000039,EQ_0022,PER_0003,2023-09-24,Intermediate,False,Yes,2023-12-15,View Only,3"
"ASSIGN_000040,EQ_0022,PER_0004,2023-03-22,Expert,False,Yes,2023-08-19,Full,4"
"ASSIGN_000041,EQ_0022,PER_0002,2023-08-22,Advanced,True,Yes,2024-01-29,Full,3"
"ASSIGN_000042,EQ_0023,PER_0002,2023-06-11,Advanced,False,Yes,2023-09-21,Full,5"
"ASSIGN_000043,EQ_0023,PER_0003,2023-01-29,Intermediate,True,In Progress,2023-05-05,Full,3"
"ASSIGN_000044,EQ_0023,PER_0004,2023-11-22,Expert,False,Yes,2024-02-11,Full,4"
"ASSIGN_000045,EQ_0024,PER_0006,2023-11-16,Intermediate,True,Yes,2024-05-11,Full,4"
"ASSIGN_000046,EQ_0024,PER_0005,2023-04-29,Intermediate,False,Yes,2023-06-20,Full,4"
"ASSIGN_000047,EQ_0025,PER_0001,2023-02-28,Intermediate,False,Yes,2023-07-24,Full,4"
"ASSIGN_000048,EQ_0025,PER_0004,2023-05-07,Expert,True,In Progress,2023-09-07,Full,5"
"ASSIGN_000049,EQ_0025,PER_0003,2023-09-06,Intermediate,False,Yes,2023-10-27,Full,4"
"ASSIGN_000050,EQ_0026,PER_0006,2023-07-18,Intermediate,False,Yes,2024-01-08,Limited,5"
"ASSIGN_000051,EQ_0026,PER_0005,2023-08-04,Intermediate,False,In Progress,2023-09-10,Full,5"
"ASSIGN_000052,EQ_0026,PER_0007,2023-09-18,Expert,False,No,2023-10-22,Full,5"
"ASSIGN_000053,EQ_0027,PER_0007,2023-10-17,Expert,True,Yes,2024-01-20,Limited,4"
"ASSIGN_000054,EQ_0027,PER_0006,2023-03-19,Intermediate,False,No,2023-07-08,Full,5"
"ASSIGN_000055,EQ_0027,PER_0005,2023-09-10,Intermediate,True,Yes,2024-02-08,Limited,3"
"ASSIGN_000056,EQ_0028,PER_0004,2023-05-20,Expert,True,Yes,2023-07-05,Limited,5"
"ASSIGN_000057,EQ_0028,PER_0002,2023-09-22,Advanced,True,Yes,2024-01-07,Full,5"
"ASSIGN_000058,EQ_0028,PER_0003,2023-11-06,Intermediate,False,Yes,2023-12-20,Limited,4"
"ASSIGN_000059,EQ_0029,PER_0002,2023-10-03,Advanced,True,Yes,2023-12-27,Limited,4"
"ASSIGN_000060,EQ_0029,PER_0003,2023-05-31,Intermediate,True,Yes,2023-09-03,Limited,4"
"ASSIGN_000061,EQ_0030,PER_0002,2023-06-26,Advanced,False,Yes,2023-12-06,View Only,3"
"ASSIGN_000062,EQ_0030,PER_0003,2023-02-14,Intermediate,True,Yes,2023-05-24,Full,4"
"ASSIGN_000063,EQ_0030,PER_0001,2023-02-28,Intermediate,True,Yes,2023-08-03,Limited,3"
"ASSIGN_000064,EQ_0031,PER_0002,2023-11-22,Advanced,True,Yes,2024-04-13,Limited,4"
"ASSIGN_000065,EQ_0031,PER_0001,2023-02-04,Intermediate,False,Yes,2023-03-07,Full,4"
"ASSIGN_000066,EQ_0032,PER_0013,2023-08-06,Intermediate,True,Yes,2024-02-01,Full,5"
"ASSIGN_000067,EQ_0032,PER_0012,2023-05-29,Expert,False,Yes,2023-11-12,View Only,4"
"ASSIGN_000068,EQ_0033,PER_0012,2023-10-04,Expert,True,In Progress,2024-03-10,Full,4"
"ASSIGN_000069,EQ_0033,PER_0013,2023-05-13,Intermediate,True,Yes,2023-10-06,View Only,5"
"ASSIGN_000070,EQ_0034,PER_0007,2023-10-11,Expert,False,No,2024-02-04,Full,5"
"ASSIGN_000071,EQ_0034,PER_0006,2023-04-07,Intermediate,True,Yes,2023-08-26,Limited,4"
"ASSIGN_000072,EQ_0034,PER_0005,2023-07-05,Intermediate,True,No,2023-10-06,Full,3"
"ASSIGN_000073,EQ_0035,PER_0006,2023-08-07,Intermediate,True,Yes,2023-10-30,Limited,5"
"ASSIGN_000074,EQ_0036,PER_0012,2023-04-17,Expert,True,Yes,2023-07-29,Full,5"
"ASSIGN_000075,EQ_0036,PER_0013,2023-06-04,Intermediate,True,Yes,2023-09-19,Limited,4"
"ASSIGN_000076,EQ_0037,PER_0012,2023-06-30,Expert,False,Yes,2023-11-11,Limited,5"
"ASSIGN_000077,EQ_0038,PER_0012,2023-09-19,Expert,True,Yes,2024-02-10,Limited,4"
"ASSIGN_000078,EQ_0038,PER_0013,2023-09-17,Intermediate,True,Yes,2023-10-19,Full,5"
"ASSIGN_000079,EQ_0039,PER_0005,2023-11-19,Intermediate,False,Yes,2024-02-11,View Only,4"
"ASSIGN_000080,EQ_0040,PER_0002,2023-05-08,Advanced,False,Yes,2023-08-28,Full,5"
"ASSIGN_000081,EQ_0040,PER_0004,2023-09-26,Expert,False,Yes,2023-12-24,Full,4"
"ASSIGN_000082,EQ_0040,PER_0003,2023-09-30,Intermediate,True,No,2024-01-23,Full,4"
"ASSIGN_000083,EQ_0041,PER_0007,2023-04-04,Expert,False,Yes,2023-05-27,Full,4"
"ASSIGN_000084,EQ_0042,PER_0012,2023-08-12,Expert,False,No,2023-11-15,Full,4"
"ASSIGN_000085,EQ_0043,PER_0001,2023-10-30,Intermediate,False,Yes,2024-01-27,Limited,4"
"ASSIGN_000086,EQ_0043,PER_0003,2023-01-24,Intermediate,True,Yes,2023-06-30,Full,4"
"ASSIGN_000087,EQ_0043,PER_0004,2023-11-08,Expert,True,In Progress,2024-04-19,Full,4"
"ASSIGN_000088,EQ_0044,PER_0003,2023-07-21,Intermediate,True,Yes,2023-12-02,Limited,5"
"ASSIGN_000089,EQ_0044,PER_0002,2023-03-17,Advanced,True,Yes,2023-07-04,Limited,5"
"ASSIGN_000090,EQ_0044,PER_0001,2023-05-28,Intermediate,False,In Progress,2023-09-26,Limited,4"
"ASSIGN_000091,EQ_0045,PER_0019,2023-10-12,Intermediate,False,Yes,2023-12-29,View Only,4"
"ASSIGN_000092,EQ_0045,PER_0018,2023-05-18,Intermediate,True,Yes,2023-06-23,Full,4"
"ASSIGN_000093,EQ_0046,PER_0002,2023-01-14,Advanced,False,Yes,2023-03-11,Limited,5"
"ASSIGN_000094,EQ_0046,PER_0001,2023-11-26,Intermediate,True,Yes,2023-12-28,Full,3"
"ASSIGN_000095,EQ_0046,PER_0003,2023-01-03,Intermediate,False,No,2023-05-16,Full,4"
"ASSIGN_000096,EQ_0047,PER_0013,2023-11-15,Intermediate,False,No,2024-01-17,View Only,5"
"ASSIGN_000097,EQ_0047,PER_0012,2023-09-30,Expert,True,Yes,2023-11-15,Limited,4"
"ASSIGN_000098,EQ_0049,PER_0013,2023-04-26,Intermediate,True,Yes,2023-09-16,Full,4"
"ASSIGN_000099,EQ_0050,PER_0018,2023-04-05,Intermediate,True,No,2023-08-27,Full,5"
"ASSIGN_000100,EQ_0050,PER_0019,2023-03-22,Intermediate,True,No,2023-04-22,Full,3"
"ASSIGN_000101,EQ_0051,PER_0012,2023-06-11,Expert,False,Yes,2023-11-10,Full,3"
"ASSIGN_000102,EQ_0051,PER_0013,2023-11-26,Intermediate,True,Yes,2023-12-29,Full,5"
"ASSIGN_000103,EQ_0052,PER_0003,2023-04-13,Intermediate,True,No,2023-09-15,Full,4"
"ASSIGN_000104,EQ_0052,PER_0001,2023-05-25,Intermediate,True,No,2023-08-15,Limited,4"
"ASSIGN_000105,EQ_0052,PER_0004,2023-01-08,Expert,False,In Progress,2023-03-24,Full,5"
"ASSIGN_000106,EQ_0053,PER_0002,2023-09-14,Advanced,True,Yes,2024-01-18,Full,4"
"ASSIGN_000107,EQ_0053,PER_0004,2023-01-23,Expert,True,Yes,2023-04-07,Full,4"
"ASSIGN_000108,EQ_0054,PER_0013,2023-08-04,Intermediate,True,No,2023-09-25,Full,4"
"ASSIGN_000109,EQ_0054,PER_0012,2023-02-28,Expert,True,Yes,2023-07-12,Full,5"
"ASSIGN_000110,EQ_0057,PER_0018,2023-07-28,Intermediate,False,No,2023-09-02,View Only,3"
"ASSIGN_000111,EQ_0058,PER_0019,2023-02-16,Intermediate,False,Yes,2023-03-24,Limited,5"
"ASSIGN_000112,EQ_0058,PER_0018,2023-10-22,Intermediate,False,No,2024-03-11,Limited,4"
"ASSIGN_000113,EQ_0059,PER_0019,2023-07-16,Intermediate,False,Yes,2023-12-06,Full,4"
"ASSIGN_000114,EQ_0059,PER_0018,2023-07-03,Intermediate,True,Yes,2023-11-04,View Only,4"
"ASSIGN_000115,EQ_0060,PER_0008,2023-10-01,Intermediate,True,Yes,2023-12-15,Full,3"
"ASSIGN_000116,EQ_0060,PER_0011,2023-07-26,Advanced,False,Yes,2023-09-28,Limited,4"
"ASSIGN_000117,EQ_0061,PER_0012,2023-01-24,Expert,True,Yes,2023-06-23,Limited,4"
"ASSIGN_000118,EQ_0061,PER_0013,2023-02-12,Intermediate,True,No,2023-07-13,Limited,5"
"ASSIGN_000119,EQ_0062,PER_0012,2023-03-15,Expert,True,Yes,2023-06-17,Limited,3"
"ASSIGN_000120,EQ_0062,PER_0013,2023-07-20,Intermediate,True,In Progress,2023-10-26,Full,5"
"ASSIGN_000121,EQ_0063,PER_0003,2023-11-28,Intermediate,False,Yes,2023-12-31,Full,4"
"ASSIGN_000122,EQ_0064,PER_0011,2023-04-27,Advanced,True,Yes,2023-10-05,Full,4"
"ASSIGN_000123,EQ_0064,PER_0009,2023-09-26,Intermediate,False,Yes,2023-11-08,Full,4"
"ASSIGN_000124,EQ_0065,PER_0003,2023-04-03,Intermediate,True,Yes,2023-06-12,Limited,4"
"ASSIGN_000125,EQ_0066,PER_0009,2023-04-04,Intermediate,True,Yes,2023-06-27,Full,5"
"ASSIGN_000126,EQ_0066,PER_0010,2023-02-12,Intermediate,False,In Progress,2023-05-27,View Only,4"
"ASSIGN_000127,EQ_0066,PER_0011,2023-02-04,Advanced,True,Yes,2023-03-23,Limited,3"
"ASSIGN_000128,EQ_0068,PER_0018,2023-03-18,Intermediate,False,Yes,2023-05-27,Limited,4"
"ASSIGN_000129,EQ_0069,PER_0018,2023-08-15,Intermediate,False,Yes,2024-01-16,Full,4"
"ASSIGN_000130,EQ_0069,PER_0019,2023-02-10,Intermediate,True,Yes,2023-07-04,Full,5"
"ASSIGN_000131,EQ_0070,PER_0018,2023-11-05,Intermediate,True,No,2024-04-25,Full,5"
"ASSIGN_000132,EQ_0070,PER_0019,2023-02-27,Intermediate,True,Yes,2023-05-27,Limited,3"
"ASSIGN_000133,EQ_0071,PER_0004,2023-08-29,Expert,True,Yes,2024-01-06,Limited,3"
"ASSIGN_000134,EQ_0072,PER_0012,2023-08-25,Expert,False,Yes,2023-11-17,Full,4"
"ASSIGN_000135,EQ_0072,PER_0013,2023-05-31,Intermediate,False,Yes,2023-11-11,Limited,4"
"ASSIGN_000136,EQ_0074,PER_0001,2023-06-26,Intermediate,True,Yes,2023-09-23,Limited,4"
"ASSIGN_000137,EQ_0074,PER_0004,2023-08-27,Expert,False,Yes,2023-10-13,Full,4"
"ASSIGN_000138,EQ_0074,PER_0003,2023-08-22,Intermediate,True,In Progress,2024-02-13,View Only,3"
"ASSIGN_000139,EQ_0075,PER_0004,2023-03-11,Expert,False,Yes,2023-07-26,Full,4"
"ASSIGN_000140,EQ_0075,PER_0001,2023-05-23,Intermediate,False,No,2023-09-23,Full,4"
"ASSIGN_000141,EQ_0077,PER_0012,2023-11-29,Expert,True,No,2024-02-25,Full,5"
"ASSIGN_000142,EQ_0077,PER_0013,2023-01-06,Intermediate,True,Yes,2023-07-05,View Only,4"
"ASSIGN_000143,EQ_0078,PER_0012,2023-06-27,Expert,False,Yes,2023-07-29,Limited,4"
"ASSIGN_000144,EQ_0078,PER_0013,2023-09-10,Intermediate,False,Yes,2024-01-29,Full,3"
"ASSIGN_000145,EQ_0079,PER_0019,2023-03-31,Intermediate,True,No,2023-07-04,Full,4"
"ASSIGN_000146,EQ_0080,PER_0004,2023-01-04,Expert,False,Yes,2023-06-19,Full,4"
"ASSIGN_000147,EQ_0081,PER_0011,2023-08-14,Advanced,True,In Progress,2023-11-30,Full,5"
"ASSIGN_000148,EQ_0082,PER_0004,2023-12-02,Expert,True,Yes,2024-03-31,Full,4"
"ASSIGN_000149,EQ_0082,PER_0001,2023-08-02,Intermediate,False,Yes,2023-11-09,Full,4"
"ASSIGN_000150,EQ_0083,PER_0012,2023-09-13,Expert,False,Yes,2023-12-29,Limited,3"
"ASSIGN_000151,EQ_0083,PER_0013,2023-07-19,Intermediate,True,Yes,2024-01-08,Limited,3"
"ASSIGN_000152,EQ_0084,PER_0001,2023-03-11,Intermediate,False,In Progress,2023-07-03,View Only,4"
"ASSIGN_000153,EQ_0084,PER_0004,2023-11-16,Expert,False,Yes,2024-03-04,Full,4"
"ASSIGN_000154,EQ_0085,PER_0003,2023-10-01,Intermediate,True,No,2024-03-23,Full,4"
"ASSIGN_000155,EQ_0086,PER_0012,2023-08-02,Expert,True,Yes,2024-01-29,Limited,5"
"ASSIGN_000156,EQ_0086,PER_0013,2023-09-13,Intermediate,False,Yes,2023-12-12,Full,4"
"ASSIGN_000157,EQ_0087,PER_0013,2023-04-20,Intermediate,False,Yes,2023-09-26,Full,4"
"ASSIGN_000158,EQ_0087,PER_0012,2023-09-06,Expert,False,Yes,2023-12-27,Full,5"
"ASSIGN_000159,EQ_0089,PER_0008,2023-03-10,Intermediate,False,Yes,2023-05-06,Full,5"
"ASSIGN_000160,EQ_0090,PER_0018,2023-01-08,Intermediate,False,Yes,2023-05-31,Full,5"
"ASSIGN_000161,EQ_0090,PER_0019,2023-08-24,Intermediate,False,Yes,2023-12-26,Limited,4"
"ASSIGN_000162,EQ_0092,PER_0019,2023-11-02,Intermediate,True,Yes,2024-02-16,Limited,4"
"ASSIGN_000163,EQ_0092,PER_0018,2023-05-26,Intermediate,True,In Progress,2023-06-30,Full,3"
"ASSIGN_000164,EQ_0093,PER_0018,2023-11-04,Intermediate,True,Yes,2023-12-29,Full,3"
"ASSIGN_000165,EQ_0095,PER_0002,2023-04-19,Advanced,False,Yes,2023-08-23,Full,4"
"ASSIGN_000166,EQ_0096,PER_0002,2023-07-02,Advanced,False,Yes,2023-11-06,Full,3"
"ASSIGN_000167,EQ_0097,PER_0018,2023-04-23,Intermediate,True,Yes,2023-06-03,Limited,5"
"ASSIGN_000168,EQ_0097,PER_0019,2023-09-10,Intermediate,True,Yes,2023-12-25,Full,5"
"ASSIGN_000169,EQ_0098,PER_0013,2023-06-01,Intermediate,True,No,2023-11-08,Full,4"
"ASSIGN_000170,EQ_0098,PER_0012,2023-07-14,Expert,False,No,2023-08-23,Full,4"
"ASSIGN_000171,EQ_0099,PER_0013,2023-03-08,Intermediate,True,Yes,2023-04-18,Full,3"
"ASSIGN_000172,EQ_0099,PER_0012,2023-05-07,Expert,False,Yes,2023-06-29,Limited,3"
"ASSIGN_000173,EQ_0101,PER_0011,2023-06-18,Advanced,True,Yes,2023-12-11,Full,4"
"ASSIGN_000174,EQ_0101,PER_0010,2023-12-02,Intermediate,True,No,2024-01-15,Full,5"
"ASSIGN_000175,EQ_0101,PER_0009,2023-01-23,Intermediate,False,Yes,2023-06-03,View Only,5"
"ASSIGN_000176,EQ_0102,PER_0015,2023-05-30,Intermediate,False,In Progress,2023-10-14,Full,4"
"ASSIGN_000177,EQ_0102,PER_0014,2023-02-20,Intermediate,True,Yes,2023-05-13,View Only,4"
"ASSIGN_000178,EQ_0103,PER_0012,2023-10-19,Expert,True,Yes,2024-01-10,Full,4"
"ASSIGN_000179,EQ_0105,PER_0014,2023-07-01,Intermediate,False,Yes,2023-11-13,Full,5"
"ASSIGN_000180,EQ_0105,PER_0015,2023-06-28,Intermediate,True,In Progress,2023-09-25,Full,4"
"ASSIGN_000181,EQ_0108,PER_0005,2023-09-19,Intermediate,True,Yes,2023-11-07,Limited,5"
"ASSIGN_000182,EQ_0108,PER_0006,2023-02-17,Intermediate,False,In Progress,2023-08-14,Limited,4"
"ASSIGN_000183,EQ_0109,PER_0015,2023-06-22,Intermediate,False,No,2023-11-12,Full,4"
"ASSIGN_000184,EQ_0109,PER_0014,2023-01-06,Intermediate,True,No,2023-03-23,Full,4"
"ASSIGN_000185,EQ_0110,PER_0007,2023-03-25,Expert,True,Yes,2023-05-29,Full,4"
"ASSIGN_000186,EQ_0110,PER_0006,2023-01-06,Intermediate,False,Yes,2023-02-17,Full,5"
"ASSIGN_000187,EQ_0110,PER_0005,2023-03-06,Intermediate,True,Yes,2023-08-21,Limited,4"
"ASSIGN_000188,EQ_0111,PER_0012,2023-03-06,Expert,False,Yes,2023-07-13,Limited,5"
"ASSIGN_000189,EQ_0111,PER_0013,2023-03-28,Intermediate,False,Yes,2023-07-11,Full,4"
"ASSIGN_000190,EQ_0112,PER_0013,2023-08-29,Intermediate,False,Yes,2023-10-15,Limited,5"
"ASSIGN_000191,EQ_0113,PER_0014,2023-05-28,Intermediate,False,Yes,2023-07-05,Full,5"
"ASSIGN_000192,EQ_0113,PER_0015,2023-06-03,Intermediate,True,Yes,2023-10-04,Limited,4"
"ASSIGN_000193,EQ_0115,PER_0007,2023-01-11,Expert,False,No,2023-05-22,Full,4"
"ASSIGN_000194,EQ_0115,PER_0005,2023-11-15,Intermediate,True,Yes,2024-01-16,Full,4"
"ASSIGN_000195,EQ_0115,PER_0006,2023-06-24,Intermediate,False,No,2023-11-29,Full,5"
"ASSIGN_000196,EQ_0116,PER_0005,2023-11-12,Intermediate,False,Yes,2024-01-20,Full,4"
"ASSIGN_000197,EQ_0116,PER_0006,2023-03-01,Intermediate,False,Yes,2023-08-20,Full,4"
"ASSIGN_000198,EQ_0116,PER_0007,2023-05-27,Expert,False,Yes,2023-08-02,Full,5"
"ASSIGN_000199,EQ_0117,PER_0007,2023-07-23,Expert,False,Yes,2023-11-15,Full,5"
"ASSIGN_000200,EQ_0118,PER_0014,2023-04-10,Intermediate,False,Yes,2023-08-28,Full,4"
"ASSIGN_000201,EQ_0118,PER_0015,2023-10-18,Intermediate,True,No,2023-12-22,Full,4"
"ASSIGN_000202,EQ_0119,PER_0006,2023-08-25,Intermediate,True,Yes,2024-02-20,Full,5"
"ASSIGN_000203,EQ_0119,PER_0007,2023-05-11,Expert,False,Yes,2023-10-29,Full,4"
"ASSIGN_000204,EQ_0119,PER_0005,2023-05-02,Intermediate,False,Yes,2023-06-11,View Only,4"
"ASSIGN_000205,EQ_0120,PER_0015,2023-08-06,Intermediate,True,In Progress,2024-01-04,Limited,4"
"ASSIGN_000206,EQ_0120,PER_0014,2023-03-27,Intermediate,True,In Progress,2023-06-19,Full,4"
"ASSIGN_000207,EQ_0121,PER_0005,2023-02-15,Intermediate,False,In Progress,2023-07-10,Full,4"
"ASSIGN_000208,EQ_0121,PER_0007,2023-10-15,Expert,False,No,2024-03-24,Full,5"
"ASSIGN_000209,EQ_0122,PER_0015,2023-05-08,Intermediate,True,In Progress,2023-07-25,Full,5"
"ASSIGN_000210,EQ_0122,PER_0014,2023-02-27,Intermediate,True,Yes,2023-04-10,Full,4"
"ASSIGN_000211,EQ_0123,PER_0006,2023-03-21,Intermediate,True,Yes,2023-08-12,Full,3"
"ASSIGN_000212,EQ_0123,PER_0005,2023-08-18,Intermediate,False,No,2023-09-18,View Only,4"
"ASSIGN_000213,EQ_0123,PER_0007,2023-10-18,Expert,False,No,2023-12-19,Full,4"
"ASSIGN_000214,EQ_0125,PER_0016,2023-09-02,Intermediate,True,Yes,2024-02-11,Full,3"
"ASSIGN_000215,EQ_0126,PER_0008,2023-01-16,Intermediate,False,Yes,2023-04-12,Full,4"
"ASSIGN_000216,EQ_0126,PER_0010,2023-06-11,Intermediate,True,Yes,2023-12-08,Full,3"
"ASSIGN_000217,EQ_0127,PER_0008,2023-08-14,Intermediate,True,Yes,2023-10-09,Full,4"
"ASSIGN_000218,EQ_0128,PER_0014,2023-03-17,Intermediate,False,Yes,2023-07-03,Full,5"
"ASSIGN_000219,EQ_0128,PER_0015,2023-06-15,Intermediate,True,Yes,2023-09-10,Full,4"
"ASSIGN_000220,EQ_0130,PER_0014,2023-05-18,Intermediate,False,Yes,2023-09-15,Full,5"
"ASSIGN_000221,EQ_0130,PER_0015,2023-10-14,Intermediate,True,Yes,2024-03-09,Limited,4"
"ASSIGN_000222,EQ_0135,PER_0015,2023-01-31,Intermediate,False,No,2023-06-05,Full,4"
"ASSIGN_000223,EQ_0135,PER_0014,2023-02-24,Intermediate,True,In Progress,2023-05-02,Full,5"
"ASSIGN_000224,EQ_0136,PER_0015,2023-04-03,Intermediate,True,Yes,2023-07-16,Full,5"
"ASSIGN_000225,EQ_0138,PER_0015,2023-11-26,Intermediate,True,Yes,2024-01-28,Full,5"
"ASSIGN_000226,EQ_0138,PER_0014,2023-03-21,Intermediate,True,No,2023-08-07,Full,5"
"ASSIGN_000227,EQ_0139,PER_0010,2023-03-09,Intermediate,True,No,2023-08-14,Full,4"
"ASSIGN_000228,EQ_0139,PER_0011,2023-07-23,Advanced,True,Yes,2023-11-24,Full,5"
"ASSIGN_000229,EQ_0141,PER_0017,2023-10-05,Intermediate,False,In Progress,2023-12-31,Full,4"
"ASSIGN_000230,EQ_0141,PER_0016,2023-03-03,Intermediate,False,Yes,2023-04-06,Limited,4"
"ASSIGN_000231,EQ_0144,PER_0010,2023-11-19,Intermediate,True,No,2024-01-10,View Only,3"
"ASSIGN_000232,EQ_0145,PER_0009,2023-06-08,Intermediate,True,No,2023-10-04,Full,4"
"ASSIGN_000233,EQ_0145,PER_0011,2023-06-10,Advanced,False,Yes,2023-09-29,Full,5"
"ASSIGN_000234,EQ_0146,PER_0014,2023-11-15,Intermediate,True,Yes,2024-01-05,Limited,5"
"ASSIGN_000235,EQ_0146,PER_0015,2023-11-16,Intermediate,True,Yes,2024-02-06,Full,5"
"ASSIGN_000236,EQ_0147,PER_0009,2023-05-02,Intermediate,True,Yes,2023-06-26,Limited,4"
"ASSIGN_000237,EQ_0147,PER_0011,2023-01-06,Advanced,False,Yes,2023-07-04,Full,4"
"ASSIGN_000238,EQ_0147,PER_0008,2023-10-17,Intermediate,True,Yes,2023-12-14,Limited,4"
"ASSIGN_000239,EQ_0148,PER_0010,2023-01-20,Intermediate,False,In Progress,2023-03-24,View Only,4"
"ASSIGN_000240,EQ_0148,PER_0011,2023-01-18,Advanced,True,Yes,2023-07-15,Limited,4"
"ASSIGN_000241,EQ_0149,PER_0018,2023-07-14,Intermediate,True,No,2023-11-08,Full,4"
"ASSIGN_000242,EQ_0149,PER_0019,2023-02-18,Intermediate,True,Yes,2023-08-15,Full,4"
"ASSIGN_000243,EQ_0150,PER_0002,2023-09-21,Advanced,False,No,2024-01-27,View Only,5"
"ASSIGN_000244,EQ_0151,PER_0001,2023-07-16,Intermediate,True,Yes,2023-09-17,Full,3"
"ASSIGN_000245,EQ_0152,PER_0002,2023-05-19,Advanced,False,Yes,2023-11-10,Full,4"
"ASSIGN_000246,EQ_0153,PER_0004,2023-03-20,Expert,True,Yes,2023-08-11,View Only,4"
"ASSIGN_000247,EQ_0154,PER_0003,2023-06-11,Intermediate,False,Yes,2023-09-19,Full,5"
"ASSIGN_000248,EQ_0155,PER_0019,2023-10-17,Intermediate,False,No,2024-02-12,Full,3"
"ASSIGN_000249,EQ_0155,PER_0018,2023-05-18,Intermediate,True,No,2023-10-08,View Only,3"
"ASSIGN_000250,EQ_0156,PER_0003,2023-01-28,Intermediate,True,Yes,2023-06-12,Full,5"
"ASSIGN_000251,EQ_0156,PER_0004,2023-04-20,Expert,True,No,2023-06-01,Full,3"
"ASSIGN_000252,EQ_0157,PER_0019,2023-08-24,Intermediate,True,Yes,2023-12-26,View Only,4"
"ASSIGN_000253,EQ_0157,PER_0018,2023-10-03,Intermediate,True,Yes,2023-12-17,Full,4"
"ASSIGN_000254,EQ_0158,PER_0003,2023-11-30,Intermediate,True,Yes,2024-02-13,Full,5"
"ASSIGN_000255,EQ_0158,PER_0001,2023-04-19,Intermediate,False,Yes,2023-08-02,Limited,5"
"ASSIGN_000256,EQ_0158,PER_0002,2023-10-19,Advanced,False,In Progress,2024-01-18,Limited,5"
"ASSIGN_000257,EQ_0159,PER_0019,2023-07-04,Intermediate,False,Yes,2023-08-10,Full,4"
"ASSIGN_000258,EQ_0159,PER_0018,2023-02-19,Intermediate,True,Yes,2023-04-17,View Only,4"
"ASSIGN_000259,EQ_0160,PER_0003,2023-04-14,Intermediate,False,In Progress,2023-06-18,Full,3"
"ASSIGN_000260,EQ_0160,PER_0001,2023-09-08,Intermediate,False,Yes,2024-01-06,Full,3"
